{
  "PR": {
    "soc-twitter": 0.0818204402923584,
    "soc-sinaweibo": 0.09351530075073242,
    "sk-2005": 0.27863082885742185,
    "uk-2007": 0.1657625436782837
  },
  "BFS_single": {
    "soc-twitter": 0.0969181325700548,
    "soc-sinaweibo": 0.09746358611366966,
    "sk-2005": null,
    "uk-2007": 0.11839698490343596
  },
  "WCC": {
    "soc-twitter": 65.3,
    "soc-sinaweibo": 135.4,
    "sk-2005": 330.7,
    "uk-2007": 108.6
  },
  "SSSP": {
    "soc-twitter": 64.6,
    "soc-sinaweibo": 138.9,
    "sk-2005": 280.5,
    "uk-2007": 136.6
  }
}