{
  "PR": {
    "soc-twitter": {
      "2": 0.0685,
      "4": 0.0767,
      "8": 0.1336
    },
    "soc-sinaweibo": {
      "2": 0.1041,
      "4": 0.0868,
      "8": 0.1279
    },
    "sk-2005": {
      "2": 0.3011,
      "4": 0.2661,
      "8": 0.3067
    },
    "uk-2007": {
      "2": null,
      "4": 0.1644,
      "8": 0.1914
    }
  },
  "BFS": {
    "soc-twitter": {
      "2": {
        "maxVal": 7,
        "nonVisited": 462416,
        "time": 1.1
      },
      "4": {
        "maxVal": 9,
        "nonVisited": 907219,
        "time": 2.2
      },
      "8": {
        "maxVal": 8,
        "nonVisited": 915954,
        "time": 3.4
      }
    },
    "soc-sinaweibo": {
      "2": {
        "maxVal": 3,
        "nonVisited": 1318,
        "time": 1.8
      },
      "4": {
        "maxVal": 5,
        "nonVisited": 32780845,
        "time": 2.2
      },
      "8": {
        "maxVal": 11,
        "nonVisited": 46490600,
        "time": 3.4
      }
    },
    "sk-2005": {
      "2": {
        "maxVal": 6,
        "nonVisited": 65315,
        "time": 6.8
      },
      "4": {
        "maxVal": 8,
        "nonVisited": 52863,
        "time": 10.8
      },
      "8": {
        "maxVal": 9,
        "nonVisited": 20611,
        "time": 11.9
      }
    },
    "uk-2007": {
      "2": null,
      "4": {
        "maxVal": 6,
        "nonVisited": 958137,
        "time": 16.4
      },
      "8": {
        "maxVal": 7,
        "nonVisited": 933537,
        "time": 19.1
      }
    }
  },
  "WCC": {
    "soc-twitter": {
      "2": {
        "per_iter": 0.0674857430987888,
        "components": 1,
        "iters": 18
      },
      "4": {
        "per_iter": 0.06754403644137913,
        "components": 1,
        "iters": 18
      },
      "8": {
        "per_iter": 0.093929476208157,
        "components": 1,
        "iters": 18
      }
    },
    "soc-sinaweibo": {
      "2": {
        "per_iter": 0.13004752000172934,
        "components": 15,
        "iters": 6
      },
      "4": {
        "per_iter": 0.12848889827728271,
        "components": 15,
        "iters": 6
      },
      "8": {
        "per_iter": 0.2331634759902954,
        "components": 15,
        "iters": 6
      }
    },
    "sk-2005": {
      "2": null,
      "4": {
        "per_iter": 0.3428878386815389,
        "components": 31,
        "iters": 24
      },
      "8": {
        "per_iter": 0.34456534186999005,
        "components": 31,
        "iters": 24
      }
    },
    "uk-2007": {
      "2": null,
      "4": null,
      "8": {
        "per_iter": 0.1136358075025605,
        "components": 86139,
        "iters": 41
      }
    }
  },
  "SSSP": {
    "soc-twitter": {
      "2": {
        "per_iter": 0.06691316763559978,
        "maxdist": 17.0,
        "reachable": 21297772,
        "iters": 18
      },
      "4": {
        "per_iter": 0.060033281644185386,
        "maxdist": 17.0,
        "reachable": 21297772,
        "iters": 18
      },
      "8": {
        "per_iter": 0.0904232660929362,
        "maxdist": 17.0,
        "reachable": 21297772,
        "iters": 18
      }
    },
    "soc-sinaweibo": {
      "2": {
        "per_iter": 0.13567626476287842,
        "maxdist": 3.4028234663852888,
        "reachable": 58655849,
        "iters": 6
      },
      "4": {
        "per_iter": 0.1326585610707601,
        "maxdist": 3.4028234663852888,
        "reachable": 58655849,
        "iters": 6
      },
      "8": {
        "per_iter": 0.22583468755086264,
        "maxdist": 3.4028234663852888,
        "reachable": 58655849,
        "iters": 6
      }
    },
    "sk-2005": {
      "2": null,
      "4": {
        "per_iter": 0.27885980407396954,
        "maxdist": 3.4028234663852888,
        "reachable": 50636059,
        "iters": 24
      },
      "8": {
        "per_iter": 0.27489208181699115,
        "maxdist": 3.4028234663852888,
        "reachable": 50636059,
        "iters": 24
      }
    },
    "uk-2007": {
      "2": null,
      "4": null,
      "8": {
        "per_iter": 0.15142732196384007,
        "maxdist": 3.4028234663852888,
        "reachable": 105218569,
        "iters": 18
      }
    }
  }
}